{"cameraMode":{"drawMode":0,"name":"Shaded","section":"Shading Mode"},"sceneLighting":true,"audioPlay":false,"sceneViewState":{"showFog":false,"showMaterialUpdate":false,"showSkybox":false,"showFlares":false,"showImageEffects":false,"showParticleSystems":false},"in2DMode":false,"pivot":{"x":-1961.73583984375,"y":498.6131591796875,"z":901.81005859375},"rotation":{"x":-0.17856639623641969,"y":0.6194576025009155,"z":-0.14746998250484467,"w":-0.7500995993614197},"size":2807.828857421875,"orthographic":false}