{"cameraMode":{"drawMode":0,"name":"Shaded","section":"Shading Mode"},"sceneLighting":true,"audioPlay":false,"sceneViewState":{"showFog":false,"showMaterialUpdate":false,"showSkybox":false,"showFlares":false,"showImageEffects":false,"showParticleSystems":false},"in2DMode":false,"pivot":{"x":-1780.9322509765625,"y":94.70942687988281,"z":1018.5717163085938},"rotation":{"x":-0.12389881908893585,"y":-0.8645214438438416,"z":0.2600644528865814,"w":-0.4118603467941284},"size":930.6973266601563,"orthographic":false}