{"cameraMode":{"drawMode":0,"name":"Shaded","section":"Shading Mode"},"sceneLighting":true,"audioPlay":false,"sceneViewState":{"showFog":false,"showMaterialUpdate":false,"showSkybox":false,"showFlares":false,"showImageEffects":false,"showParticleSystems":false},"in2DMode":false,"pivot":{"x":-1711.2506103515625,"y":136.59649658203126,"z":740.2017211914063},"rotation":{"x":-0.32328668236732485,"y":0.5717461109161377,"z":-0.26132598519325259,"w":-0.7073251605033875},"size":145.6636199951172,"orthographic":false}