{"cameraMode":{"drawMode":0,"name":"Shaded","section":"Shading Mode"},"sceneLighting":true,"audioPlay":false,"sceneViewState":{"showFog":false,"showMaterialUpdate":false,"showSkybox":false,"showFlares":false,"showImageEffects":false,"showParticleSystems":false},"in2DMode":false,"pivot":{"x":-745.6348876953125,"y":-412.1849365234375,"z":-157.8480224609375},"rotation":{"x":-0.07625242322683335,"y":-0.9139193296432495,"z":0.20313072204589845,"w":-0.34305500984191897},"size":2594.43994140625,"orthographic":false}